Name,Surname,Phone,Email,Address,Age
Daine,Bailey,757.005.2824 x53365,mika.reinger@yahoo.com,04219 Orval Plains,19
Daisey,Dickens,(389) 011-6948,kendrick.pollich@gmail.com,4083 Lowe Ville,83
Dalene,Wilkinson,(889) 378-1213 x03394,sau.bednar@gmail.com,894 Runolfsson Circle,42
Dallas,Homenick,964.639.1654,alyse.jaskolski@yahoo.com,4139 Fritsch Lights,26
Dalton,Ritchie,1-561-420-0746,anthony.williamson@hotmail.com,592 Sanford Lane,86
Dalton,Metz,1-138-380-7599 x259,renaldo.conroy@gmail.com,9706 Huel Plains,11
Danial,Crooks,1-462-518-6320 x52743,kizzy.cremin@yahoo.com,8395 Keeling Views,55
Daniele,Von,(134) 357-3625,ola.schumm@yahoo.com,614 Shaun Parkway,1
Daniella,Harber,(671) 333-6573 x177,isa.koepp@hotmail.com,41578 Duncan Lane,7
Darci,Gottlieb,(758) 863-1363 x267,della.blanda@gmail.com,160 Marti Harbor,58
Darell,Strosin,(100) 090-1651,gregory.christiansen@yahoo.com,9707 Huels Mission,47
Darin,Hermiston,(964) 253-7344 x86147,raymond.leannon@gmail.com,783 Wendi Field,93
Darin,Ortiz,486.313.9831 x1967,markus.watsica@hotmail.com,349 Wolf Vista,85
Darius,Stracke,432.510.0023 x863,janene.nicolas@hotmail.com,71683 Meghan Knolls,6
Darius,Cummerata,1-573-510-6462,dion.hermiston@yahoo.com,453 Reinger Cliff,15
Daron,Kovacek,1-691-717-0375 x844,adah.dach@gmail.com,927 Perry Underpass,82
Darrel,Macejkovic,(549) 484-8646,soledad.murray@yahoo.com,9324 Shad Spur,10
Darren,Price,1-714-858-1829,terese.metz@gmail.com,8963 Carly Roads,38
Darryl,Carter,976-971-9019,nicolas.kreiger@gmail.com,51375 Pacocha Corner,27
Darryl,Yundt,937-673-8034,grant.ohara@yahoo.com,99318 Reilly Crossing,28
Daryl,Kunze,002.405.4253 x669,dortha.feeney@hotmail.com,9814 Deann Vista,84
Dave,Bednar,1-249-408-3856,tanya.koch@yahoo.com,76466 Cartwright Run,41
Deandre,Rosenbaum,190-312-3428 x0494,jared.bogan@gmail.com,9526 Hammes Lakes,2
Deangelo,Howell,393-893-8388 x82799,basil.sauer@hotmail.com,09218 Shera Knoll,37
Deangelo,Towne,332.871.3963 x5446,jack.kovacek@hotmail.com,64577 Boyer Grove,3
Deanna,Von,191-624-4499 x316,jeromy.hoeger@hotmail.com,6423 Issac Rapid,9
Debbie,Grady,1-920-751-2626 x6742,veronique.hudson@gmail.com,83865 Marvin Walks,18
Delilah,Walter,028.887.3771,lula.orn@gmail.com,01777 Elli Throughway,82
Deloise,Fay,668.183.9976 x80406,rubin.herzog@gmail.com,19247 Tillman Isle,8
Deneen,Hirthe,250.732.2475,jake.mraz@yahoo.com,099 Tyler Corners,58
Denice,Lind,1-300-183-9006,josefa.smith@hotmail.com,71006 Shawn Ports,80
Denna,Altenwerth,(587) 905-5277 x9929,reina.leffler@hotmail.com,9981 West Fords,79
Denny,Dickens,266.835.3784 x6583,cassondra.torp@hotmail.com,509 Kuphal Ridge,25
Denver,Aufderhar,435-495-9071,earnest.fisher@hotmail.com,4231 Sauer Mission,38
Deon,West,1-322-361-1349,sun.schmeler@yahoo.com,5907 Kub Skyway,80
Derek,Marks,(486) 700-6568,israel.hills@hotmail.com,49374 Flatley Hollow,28
Derrick,Wintheiser,920-802-6400 x64487,kandace.kutch@hotmail.com,58048 Reynaldo Meadow,35
Desmond,Rippin,984-054-5150,benny.schuster@gmail.com,284 Angelena Glen,11
Dewayne,Emmerich,1-583-872-5817 x05773,julieta.hilpert@yahoo.com,866 Parker Corner,82
Dierdre,Kozey,1-907-991-4063 x104,roger.hand@hotmail.com,8903 Pierre Islands,37
Dirk,Ankunding,033-552-4739,shayna.carroll@yahoo.com,50076 Macejkovic Way,30
Dollie,Barton,695.924.5218 x8557,jerry.heidenreich@gmail.com,893 Botsford Corner,82
Dollie,Bogisich,307-887-5844,stanford.beier@yahoo.com,9232 Thompson Ferry,85
Dolores,Homenick,976-340-2100 x190,flossie.leannon@hotmail.com,918 Mardell Cliffs,81
Dominick,Carroll,(983) 302-8004 x88980,junior.jerde@hotmail.com,7949 Weissnat Camp,29
Dominique,Abshire,675-035-0252,barry.barton@gmail.com,2265 Nelle Mission,93
Dominique,Littel,(345) 394-5900,jewel.balistreri@hotmail.com,335 Miquel Plaza,7
Dominique,Reynolds,166.854.0511,francis.weimann@gmail.com,141 Leida Groves,94
Dona,Rice,812-381-7211 x5137,pearline.harvey@hotmail.com,383 Diego Fords,96
Donald,Muller,1-967-729-7940,marlana.macejkovic@yahoo.com,5749 Mosciski Wells,42
Donella,Ward,921.346.4621,dirk.nader@yahoo.com,18997 Nicolas Passage,70
Dong,Hintz,1-586-518-9460 x530,israel.barrows@yahoo.com,021 Bennett Plaza,76
Donn,Cartwright,(902) 723-0862,adam.bogan@hotmail.com,889 Bechtelar Trail,54
Donnetta,Mayert,128-155-6900 x2956,isabelle.kling@hotmail.com,3375 Eleanora Drive,20
Donnetta,Hermiston,295.291.6992 x211,marty.ward@yahoo.com,76351 Tromp Turnpike,60
Donnie,Quitzon,1-044-567-7186 x01282,angelina.kohler@yahoo.com,590 O'Reilly Overpass,96
Donovan,Kulas,(743) 448-2888,max.huels@yahoo.com,25479 Effertz Locks,37
Donte,Stracke,1-853-335-5471 x8303,dede.hegmann@gmail.com,3991 Hackett Harbor,20
Dorene,Predovic,680.027.4752,dorla.morar@hotmail.com,441 Ernser Parkways,86
Dot,Rosenbaum,996-751-9967,shantel.willms@hotmail.com,675 John Springs,78
Doyle,Heller,090.903.8907 x704,marietta.zboncak@hotmail.com,498 Cherilyn Field,74
Doyle,Rohan,(035) 879-7467,andra.kub@gmail.com,525 Thiel Islands,71
Doyle,O'Kon,1-529-179-3725 x734,garry.flatley@hotmail.com,16042 Fran Springs,33
Drew,Daugherty,393.694.6341 x99517,carman.kertzmann@hotmail.com,895 West Manors,73
Dwayne,Doyle,1-405-264-8939 x68640,vida.braun@yahoo.com,11356 Jacobi Haven,20
Dwight,Schneider,1-797-774-7408 x828,palmer.ratke@hotmail.com,55176 Bahringer Fields,43
